question,answer,explanation,0
What is the grade that corresponds to a student degree of 48?,F,"The grade corresponding to a student degree of 48 can be determined by understanding the grading scale. Typically, the grading scale ranges from A (90-100%) to F (below 60%). Since 48 is below 50, it falls into the range for an F.",
What is the correct C++ program that swaps the values stored at two integer memory locations?,"void swap(int *a, int *b) { int temp = *a; *a = *b; *b = temp; }","The provided answer is correct because it uses a temporary variable to hold one of the values while swapping them. This approach ensures that the swap operation is done correctly and avoids losing any data during the swap process. The function takes two integer pointers as parameters, assigns the value of the second pointer to the first pointer, then assigns the original value held in the first pointer to the second pointer. Finally, it assigns the value held in the temporary variable (which was the original value of the first pointer) to the first pointer. This way, both values are successfully swapped between the two pointers.",
How do you swap the values of two integers without using a temporary variable?,Use the XOR operator (^) to achieve this.,"The XOR operator has the property that a ^ a = 0 and a ^ 1 = a. So, if we want to swap two integers a and b without using a temp variable, we can use the following trick: a = a ^ b; b = a ^ b; a = a ^ b; This works because in each step, either a or b will be copied into the other's original value (since one of them was 0 before the swap), while the remaining value is XORed with the new value. By doing this three times, we end up with both values being in their correct positions.",
What programming language is required to input a character from the keyboard and output a large block letter ,C,"The answer is C because it allows for direct input from the user and has built-in functions to manipulate characters, such as printf(), which can be used to print the character in multiple lines.",
"What are the formulas to calculate interest, total amount due, and minimum payment for a revolving credit account?","Interest is calculated at 1.5% on the first $1000 and 1% on any amount over that. The total amount due is the balance plus interest. Minimum payment is the total amount due if it's $10 or less; otherwise, it's $10 or 10% of the total amount owed, whichever is larger.","The interest rate for revolving credit accounts varies based on the account balance. For the first $1000, the interest rate is 1.5%. Any amount over $1000 incurs an interest rate of 1%. To calculate the interest due, you simply multiply the balance by the respective interest rate. The total amount due is then calculated by adding the interest to the original balance. If the total amount due is $10 or less, the minimum payment is equal to the total amount due. However, if the total amount due exceeds $10, the minimum payment is capped at 10% of the total amount owed, whichever is larger.",
What should be included in a program to allow users to repeat a calculation until they decide to stop?,A loop that lets the user repeat the calculation until they type 'done' or a similar indication of completion.,"This is necessary because the goal of many programs, especially those involving calculations or simulations, is to continue running the program in a loop until a specific condition is met. In this case, the condition might be when the user decides to stop the calculation by typing 'done' or a similar phrase. Including a loop that allows the user to repeat the calculation until they choose to stop ensures that the program can handle multiple iterations and terminate only when the user explicitly requests it.",
What is the difference between HTTP and MQTT in IoT systems?,"HTTP (Hypertext Transfer Protocol) is a request-response protocol used for data transfer over the web, while MQTT (Message Queuing Telemetry Transport) is a lightweight, publish-subscribe-based messaging protocol designed for low-bandwidth, low-latency communication in IoT systems. MQTT is preferred in most cases due to its efficiency and suitability for real-time data transmission.","HTTP is typically used for web applications and requires more bandwidth and resources compared to MQTT. On the other hand, MQTT is specifically designed for IoT devices that require efficient data exchange with minimal overhead. It uses a publish-subscribe model, where devices can subscribe to topics of interest and receive updates in real-time. This makes MQTT an ideal choice for many IoT use cases, such as smart home automation, industrial monitoring, and wearables.",
What is the difference between Direct Current (DC) and Alternating Current (AC)?,"The main difference between DC and AC current is the direction of flow: DC flows in one direction, while AC changes direction periodically.","Direct Current (DC) refers to the flow of electric charge in one direction only, whereas Alternating Current (AC) changes direction periodically. This fundamental distinction affects how they are used in circuits and electronic systems. Understanding this difference is crucial for designing and analyzing electrical circuits effectively.",
What is the primary function of voltage (V) in an electric circuit?,Voltage measures the electric potential energy per unit charge between two points in a circuit,"Voltage, also known as electric potential difference, represents the 'pressure' that pushes electric charges to move through a conductor. It is a measure of the electric potential energy per unit charge between two points in a circuit, which drives the flow of electric current.",
"What is the relationship between voltage, current, and resistance in an electrical circuit?",The current flowing through a conductor is directly proportional to the voltage across it and inversely proportional to the resistance of the conductor.,"The correct answer is based on Ohm's Law, which states that V=I×R. This means that as the voltage (V) increases, the current (I) flowing through a conductor will also increase, but only if the resistance (R) remains constant. Conversely, if the resistance increases while keeping the voltage constant, the current will decrease. This fundamental relationship between voltage, current, and resistance is crucial in understanding how electrical circuits function and designing electronic devices.",
What is measured by a resistor?,Electrical resistance,A resistor measures the opposition to the flow of electric current in an electrical circuit. It is a fundamental component in electronics and is used to control the amount of current that flows through a device or circuit.,
What are Kirchhoff's Current Law (KCL) and Voltage Law (KVL)?,"Kirchhoff's Current Law (KCL) states that the total current entering a junction is equal to the total current leaving the junction, while Kirchhoff's Voltage Law (KVL) states that the sum of the electrical potential differences around any closed loop in a circuit is zero.","These two laws are fundamental principles in understanding how electricity flows and behaves in circuits. KCL ensures that the current entering a node is balanced by the current leaving it, while KVL provides a way to calculate the total voltage change around a closed loop, allowing us to solve for unknown voltages or currents in a circuit.",
What determines the maximum power a resistor can safely dissipate without being damaged?,The power rating of a resistor,"The power rating of a resistor is determined by its ability to dissipate energy in the form of heat, and it is measured in watts (W). The formula P = V x I indicates that power is directly proportional to both voltage and current. Therefore, if a resistor's power rating determines how much power it can safely dissipate without being damaged, then the power rating of a resistor is the correct answer.",
What property allows a semiconductor diode to allow current flow in one direction while blocking it in the opposite direction?,Their ability to allow current to flow in one direction while blocking it in the opposite direction is due to the p-n junction created by joining two regions of semiconductor material — P-type (positive) and N-type (negative) regions.,"The property that enables a semiconductor diode to control current flow in one direction while blocking it in the opposite direction is called rectification. This occurs because when a p-type material meets an n-type material, a p-n junction forms at their boundary. At this junction, electrons from the n-type material are drawn towards the p-type material, creating a region of positive charge near the junction (the 'p-side'). In contrast, holes (positive charge carriers) from the p-type material are repelled away from the n-type material. As a result, current can flow more easily in one direction than the other due to the unequal concentration of charge carriers across the junction.",
What is a characteristic of Light Dependent Resistor (LDR) that makes it useful for light-sensing applications?,Its resistance varies based on the amount of light falling on it.,"A Light Dependent Resistor (LDR) is a type of resistor whose resistance changes in response to light. This property, known as photoconductivity, makes LDRs useful for light-sensing applications. When exposed to light, the LDR's resistance decreases, allowing it to detect changes in light levels. This characteristic enables LDRs to be used in various light-sensitive applications, such as automatic lighting control systems or optical sensors.",
What is the primary function of an Embedded System?,To perform dedicated functions or tasks within larger systems.,"An embedded system is a specialized computing system designed to perform a specific task or set of tasks. Unlike general-purpose computers, which can run multiple applications, embedded systems are tailored for a particular application with predefined functions. This makes them highly efficient and optimized for the task at hand.",
What are the key characteristics of embedded systems?,"High performance, low power consumption, low cost, and small size.","Embedded systems are designed for specific applications with predefined functions. Their key characteristics include high performance, which refers to their ability to process information quickly and efficiently. Low power consumption is also a crucial aspect, as these systems often operate in resource-constrained environments where energy efficiency is vital. Additionally, embedded systems are typically designed to be low-cost and compact, making them suitable for use in a wide range of applications, from consumer electronics to industrial control systems.",
What are the main components of an embedded system?,"Microcontroller or Microprocessor, Memory, Input/Output Interfaces","An embedded system typically consists of three primary components: a microcontroller or microprocessor, memory, and input/output interfaces. The microcontroller or microprocessor is the brain of the system, responsible for executing instructions and controlling the other components. Memory provides storage for data and programs, while input/output interfaces enable communication with external devices.",
What are some key components of a microcontroller or microprocessor?,"['Memory', 'Input/Output Interfaces', 'Communication Interfaces', 'Power Supply']","Microcontrollers and microprocessors are both types of small computing devices that contain multiple components to enable them to perform tasks. The key components include memory, which allows the device to store data and instructions; input/output interfaces, which allow the device to communicate with external devices such as sensors and displays; communication interfaces, which enable the device to exchange data with other devices over a network or wirelessly; and power supply, which provides the necessary energy for the device to function.",
